date,campaign,channel,region,impressions,clicks,spend,leads,orders,revenue
2026-01-01,Campaign 1,Organic,North,7016,183,173.77,37,8,782.85
2026-01-01,Campaign 1,Paid search,East,3674,107,58.05,15,3,384.48
2026-01-01,Campaign 1,Social,West,6740,414,250.74,34,6,866.79
2026-01-01,Campaign 1,Email,West,4684,278,268.02,46,9,993.55
2026-01-02,Campaign 2,Organic,West,7961,460,557.68,93,25,3946.23
2026-01-02,Campaign 2,Paid search,,6921,441,242.85,63,17,2318.22
2026-01-02,Campaign 2,Social,West,5105,145,69.44,12,2,176.16
2026-01-02,Campaign 2,Email,South,5469,301,267.15,50,14,1885.57
2026-01-03,Campaign 3,Organic,South,4873,223,234.84,45,10,1540.31
2026-01-03,Campaign 3,Paid search,West,8180,490,182.68,70,15,1238.52
2026-01-03,Campaign 3,Social,East,8569,432,197.49,36,10,970.1
2026-01-03,Campaign 3,Email,East,4291,251,175.25,42,11,1537.37
2026-01-04,Campaign 4,Organic,South,9060,282,279.23,57,15,2106.94
2026-01-04,Campaign 4,Paid search,West,7921,348,476.13,50,9,994.77
2026-01-04,Campaign 4,Social,West,8302,211,241.69,17,5,672.68
2026-01-04,Campaign 4,Email,West,5415,206,282.03,34,7,561.82
2026-01-05,Campaign 5,Organic,South,7776,372,174.14,75,14,1820.34
2026-01-05,Campaign 5,Paid search,,7779,383,251.47,55,17,2081.28
2026-01-05,Campaign 5,Social,North,3647,243,137.28,20,6,879.2
2026-01-05,Campaign 5,Email,South,6694,191,84.28,32,9,1307.54
2026-01-06,Campaign 1,Organic,South,6198,308,407.12,62,13,1947.33
2026-01-06,Campaign 1,Paid search,West,7760,434,339.35,62,18,2014.55
2026-01-06,Campaign 1,Social,South,6434,195,184.72,16,3,321.14
2026-01-06,Campaign 1,Email,,3588,203,134.68,34,6,512.35
2026-01-07,Campaign 2,Organic,East,6433,241,136.72,49,12,1477.66
2026-01-07,Campaign 2,Paid search,East,6203,268,218.08,38,7,929.03
2026-01-07,Campaign 2,Social,West,7635,422,498.24,35,12,1054.48
2026-01-07,Campaign 2,Email,East,4169,140,80.47,23,6,547.29
2026-01-08,Campaign 3,Organic,,8744,392,548.49,79,25,3100.65
2026-01-08,Campaign 3,Paid search,East,8255,566,469.49,81,27,3993.18
2026-01-08,Campaign 3,Social,East,8416,552,338.8,46,9,721.55
2026-01-08,Campaign 3,Email,South,7473,432,270.6,72,22,2924.89
2026-01-09,Campaign 4,Organic,,9024,460,433.59,93,25,3495.95
2026-01-09,Campaign 4,Paid search,South,6404,405,152.03,58,11,1725.49
2026-01-09,Campaign 4,Social,North,3959,252,247.29,21,5,776.64
2026-01-09,Campaign 4,Email,West,5934,304,171.02,51,13,2012.09
2026-01-10,Campaign 5,Organic,North,5818,321,99.59,65,15,1579.41
2026-01-10,Campaign 5,Paid search,South,7089,356,472.26,51,10,1230.11
2026-01-10,Campaign 5,Social,West,8553,552,537.01,46,11,1018.82
2026-01-10,Campaign 5,Email,North,9153,498,663.75,83,15,2180.52
2026-01-11,Campaign 1,Organic,South,4356,131,142.71,26,5,621.29
2026-01-11,Campaign 1,Paid search,North,4748,254,101.99,36,8,952.66
2026-01-11,Campaign 1,Social,West,5991,224,107.01,18,3,425.07
2026-01-11,Campaign 1,Email,South,6094,345,310.55,57,15,1334.25
2026-01-12,Campaign 2,Organic,North,8337,426,549.04,86,17,1533.33
2026-01-12,Campaign 2,Paid search,East,4797,173,237.22,24,4,569.64
2026-01-12,Campaign 2,Social,South,7855,523,663.98,43,9,837.0
2026-01-12,Campaign 2,Email,South,3747,217,128.79,36,8,1235.72
2026-01-13,Campaign 3,Organic,East,8091,241,164.99,49,16,2379.0
2026-01-13,Campaign 3,Paid search,West,8280,531,664.17,76,16,2124.84
2026-01-13,Campaign 3,Social,West,9111,342,455.94,28,8,895.79
2026-01-13,Campaign 3,Email,North,4272,293,280.17,49,10,1570.03
2026-01-14,Campaign 4,Organic,South,5596,337,195.53,68,17,2698.56
2026-01-14,Campaign 4,Paid search,South,7665,192,134.52,27,9,1107.69
2026-01-14,Campaign 4,Social,West,4025,220,188.72,18,4,420.45
2026-01-14,Campaign 4,Email,East,7426,294,307.24,49,14,1740.94
2026-01-15,Campaign 5,Organic,,8794,463,285.03,94,21,2600.53
2026-01-15,Campaign 5,Paid search,South,6092,311,268.17,44,12,1406.39
2026-01-15,Campaign 5,Social,West,8171,557,224.32,46,14,1857.91
2026-01-15,Campaign 5,Email,North,9075,322,183.32,54,12,1734.3
2026-01-16,Campaign 1,Organic,South,6367,402,438.25,82,15,1697.33
2026-01-16,Campaign 1,Paid search,North,5845,251,290.22,36,7,945.07
2026-01-16,Campaign 1,Social,North,4899,299,239.83,25,7,820.15
2026-01-16,Campaign 1,Email,East,8237,453,441.18,76,26,3318.54
2026-01-17,Campaign 2,Organic,East,7787,371,294.97,75,24,2971.91
2026-01-17,Campaign 2,Paid search,South,7974,500,301.03,72,16,2275.42
2026-01-17,Campaign 2,Social,South,4100,155,72.22,13,2,211.15
2026-01-17,Campaign 2,Email,East,5855,186,140.87,31,6,679.14
2026-01-18,Campaign 3,Organic,East,4856,213,175.66,43,14,1774.17
2026-01-18,Campaign 3,Paid search,South,9095,349,292.13,50,12,1815.98
2026-01-18,Campaign 3,Social,South,5237,245,300.02,20,4,534.04
2026-01-18,Campaign 3,Email,North,8961,619,242.86,103,27,4118.97
2026-01-19,Campaign 4,Organic,East,6150,393,259.2,80,16,1613.0
2026-01-19,Campaign 4,Paid search,North,8071,339,277.08,48,14,2051.76
2026-01-19,Campaign 4,Social,North,8000,218,246.27,18,6,587.63
2026-01-19,Campaign 4,Email,North,9159,311,286.23,52,9,829.72
2026-01-20,Campaign 5,Organic,North,4946,279,322.4,56,17,1588.19
2026-01-20,Campaign 5,Paid search,East,4632,180,132.54,25,6,925.87
2026-01-20,Campaign 5,Social,West,7824,222,274.24,18,5,650.9
2026-01-20,Campaign 5,Email,East,7161,218,224.03,36,12,1711.33
2026-01-21,Campaign 1,Organic,East,4094,221,299.87,45,8,908.84
2026-01-21,Campaign 1,Paid search,West,7384,459,448.67,66,19,2181.94
2026-01-21,Campaign 1,Social,West,9033,540,667.92,45,11,1606.65
2026-01-21,Campaign 1,Email,East,8517,246,164.83,41,13,1293.62
2026-01-22,Campaign 2,Organic,West,6581,260,329.77,53,13,1409.02
2026-01-22,Campaign 2,Paid search,East,7785,291,243.69,41,7,1090.92
2026-01-22,Campaign 2,Social,North,8117,455,283.76,38,11,1311.92
2026-01-22,Campaign 2,Email,West,6058,217,166.67,36,10,1095.22
2026-01-23,Campaign 3,Organic,North,8067,321,350.99,65,19,1931.79
2026-01-23,Campaign 3,Paid search,East,5555,324,195.74,46,15,2028.2
2026-01-23,Campaign 3,Social,West,7154,423,232.75,35,9,1425.97
2026-01-23,Campaign 3,Email,West,4761,122,130.19,20,5,509.72
2026-01-24,Campaign 4,Organic,East,4462,285,235.58,58,15,2247.26
2026-01-24,Campaign 4,Paid search,North,5717,391,289.64,56,12,1787.25
2026-01-24,Campaign 4,Social,West,4157,221,87.01,18,3,275.81
2026-01-24,Campaign 4,Email,East,5175,259,206.05,43,10,1276.9
2026-01-25,Campaign 5,Organic,North,6330,403,540.97,82,28,2924.05
2026-01-25,Campaign 5,Paid search,North,4952,170,80.27,24,7,647.95
2026-01-25,Campaign 5,Social,West,6129,343,368.14,28,7,578.28
2026-01-25,Campaign 5,Email,South,6396,357,274.05,59,19,2717.5
2026-01-26,Campaign 1,Organic,South,6946,376,440.63,76,25,3653.26
2026-01-26,Campaign 1,Paid search,West,7243,449,480.3,64,21,2417.78
2026-01-26,Campaign 1,Social,,9287,441,341.88,37,9,777.92
2026-01-26,Campaign 1,Email,North,5638,204,285.5,34,6,941.72
2026-01-27,Campaign 2,Organic,East,7717,286,374.0,58,10,1405.02
2026-01-27,Campaign 2,Paid search,West,4823,247,185.05,35,10,1193.38
2026-01-27,Campaign 2,Social,East,5646,167,199.55,14,2,225.86
2026-01-27,Campaign 2,Email,East,6996,318,397.95,53,12,1270.34
2026-01-28,Campaign 3,Organic,,8639,216,187.98,44,14,1637.41
2026-01-28,Campaign 3,Paid search,South,7443,353,466.12,50,12,1009.55
2026-01-28,Campaign 3,Social,South,6352,358,386.91,30,6,947.11
2026-01-28,Campaign 3,Email,North,5599,143,115.49,24,5,489.88
2026-01-29,Campaign 4,Organic,West,4468,279,211.21,56,14,1922.6
2026-01-29,Campaign 4,Paid search,South,6632,306,382.63,44,11,1007.28
2026-01-29,Campaign 4,Social,North,5409,327,199.84,27,6,928.44
2026-01-29,Campaign 4,Email,East,5541,284,193.02,47,16,1906.74
2026-01-30,Campaign 5,Organic,South,7062,349,324.21,71,18,1903.36
2026-01-30,Campaign 5,Paid search,East,5170,309,223.93,44,8,1116.61
2026-01-30,Campaign 5,Social,,7726,478,407.5,40,13,1555.14
2026-01-30,Campaign 5,Email,East,7289,467,147.98,78,25,2880.61
2026-01-31,Campaign 1,Organic,West,4650,298,200.38,60,20,1719.73
2026-01-31,Campaign 1,Paid search,East,7919,429,578.96,61,19,2815.56
2026-01-31,Campaign 1,Social,South,7526,488,485.21,40,10,1232.81
2026-01-31,Campaign 1,Email,North,9278,648,510.65,108,33,3785.68
2026-02-01,Campaign 2,Organic,West,7947,521,403.13,106,19,2730.14
2026-02-01,Campaign 2,Paid search,East,5260,229,224.81,32,9,849.64
2026-02-01,Campaign 2,Social,West,5240,346,357.6,29,5,584.46
2026-02-01,Campaign 2,Email,West,9171,421,583.68,70,16,1979.65
2026-02-02,Campaign 3,Organic,East,5602,382,473.17,77,22,2564.03
2026-02-02,Campaign 3,Paid search,North,4449,187,257.26,26,6,622.02
2026-02-02,Campaign 3,Social,North,7753,289,376.19,24,6,809.18
2026-02-02,Campaign 3,Email,West,8273,516,279.11,86,28,3977.66
2026-02-03,Campaign 4,Organic,South,4962,180,178.39,36,11,1555.37
2026-02-03,Campaign 4,Paid search,South,9245,500,199.57,72,16,1844.25
2026-02-03,Campaign 4,Social,West,5592,327,289.05,27,5,452.86
2026-02-03,Campaign 4,Email,West,9305,580,650.3,97,21,3065.48
2026-02-04,Campaign 5,Organic,East,5869,177,241.43,36,12,1095.13
2026-02-04,Campaign 5,Paid search,East,8673,359,253.25,51,16,1297.82
2026-02-04,Campaign 5,Social,South,8339,306,250.5,25,6,786.5
2026-02-04,Campaign 5,Email,East,7559,509,661.87,85,20,2576.13
2026-02-05,Campaign 1,Organic,East,5663,245,104.79,49,9,1401.31
2026-02-05,Campaign 1,Paid search,East,5257,258,244.09,37,9,987.13
2026-02-05,Campaign 1,Social,West,8225,533,179.08,44,12,1760.35
2026-02-05,Campaign 1,Email,West,6076,273,245.4,45,15,2226.54
2026-02-06,Campaign 2,Organic,East,9765,401,160.74,81,20,1903.69
2026-02-06,Campaign 2,Paid search,South,5133,276,321.73,39,13,1092.6
2026-02-06,Campaign 2,Social,South,5091,317,209.67,26,7,888.37
2026-02-06,Campaign 2,Email,South,4742,310,277.21,52,9,1338.05
2026-02-07,Campaign 3,Organic,South,8702,260,246.41,53,17,1539.25
2026-02-07,Campaign 3,Paid search,North,3955,146,120.29,21,4,454.71
2026-02-07,Campaign 3,Social,North,8578,412,453.19,34,6,721.84
2026-02-07,Campaign 3,Email,,9371,512,716.0,86,19,2497.88
2026-02-08,Campaign 4,Organic,North,9021,398,260.42,81,16,2191.87
2026-02-08,Campaign 4,Paid search,East,4771,146,203.54,21,6,760.98
2026-02-08,Campaign 4,Social,South,7095,322,248.93,27,7,615.54
2026-02-08,Campaign 4,Email,West,9269,404,310.85,67,21,2349.87
2026-02-09,Campaign 5,Organic,North,7933,331,133.25,67,13,1999.9
2026-02-09,Campaign 5,Paid search,West,4467,260,269.62,37,11,1369.61
2026-02-09,Campaign 5,Social,North,6383,410,559.75,34,11,1252.18
2026-02-09,Campaign 5,Email,South,7539,307,378.22,51,14,1358.27
2026-02-10,Campaign 1,Organic,East,6028,301,370.13,61,12,1227.43
2026-02-10,Campaign 1,Paid search,,9844,608,803.77,87,24,3153.98
2026-02-10,Campaign 1,Social,West,8957,331,227.11,27,5,681.08
2026-02-10,Campaign 1,Email,North,4997,157,62.95,26,7,598.97
2026-02-11,Campaign 2,Organic,West,7148,299,345.2,60,15,1388.89
2026-02-11,Campaign 2,Paid search,North,7375,212,127.05,30,5,462.96
2026-02-11,Campaign 2,Social,North,7953,372,252.84,31,7,712.97
2026-02-11,Campaign 2,Email,South,4577,254,186.64,42,11,1343.7
2026-02-12,Campaign 3,Organic,West,7589,192,118.73,39,9,872.09
2026-02-12,Campaign 3,Paid search,South,4645,220,187.06,31,7,632.34
2026-02-12,Campaign 3,Social,,9026,553,177.3,46,8,1191.53
2026-02-12,Campaign 3,Email,East,9565,610,377.26,102,28,3524.42
2026-02-13,Campaign 4,Organic,West,6411,439,174.26,89,18,2804.56
2026-02-13,Campaign 4,Paid search,West,9117,327,366.37,47,13,1584.92
2026-02-13,Campaign 4,Social,South,5282,317,411.0,26,5,653.29
2026-02-13,Campaign 4,Email,South,6069,350,203.55,58,18,2613.65
2026-02-14,Campaign 5,Organic,East,4998,159,128.85,32,9,774.25
2026-02-14,Campaign 5,Paid search,West,7407,378,472.75,54,15,2258.46
2026-02-14,Campaign 5,Social,West,7799,247,234.79,20,3,346.13
2026-02-14,Campaign 5,Email,West,6100,172,66.12,28,7,581.06
2026-02-15,Campaign 1,Organic,North,9285,589,468.08,120,34,4099.22
2026-02-15,Campaign 1,Paid search,North,8948,486,386.65,69,16,1888.81
2026-02-15,Campaign 1,Social,North,8955,561,321.18,47,16,1387.94
2026-02-15,Campaign 1,Email,West,6646,297,215.67,49,13,1205.1
2026-02-16,Campaign 2,Organic,West,8751,486,196.32,99,18,2348.48
2026-02-16,Campaign 2,Paid search,South,8155,308,205.34,44,13,1722.83
2026-02-16,Campaign 2,Social,East,7561,237,104.72,19,4,629.66
2026-02-16,Campaign 2,Email,South,8343,240,248.91,40,11,1446.27
2026-02-17,Campaign 3,Organic,East,9111,530,455.45,108,32,3907.57
2026-02-17,Campaign 3,Paid search,South,4070,158,86.77,22,7,751.37
2026-02-17,Campaign 3,Social,North,4812,137,140.85,11,3,264.27
2026-02-17,Campaign 3,Email,South,9406,496,542.28,83,23,2123.83
2026-02-18,Campaign 4,Organic,East,4239,175,97.55,35,10,1575.67
2026-02-18,Campaign 4,Paid search,East,5457,373,301.33,53,16,2437.09
2026-02-18,Campaign 4,Social,South,5723,241,303.73,20,5,786.51
2026-02-18,Campaign 4,Email,North,4291,200,122.71,33,8,1237.95
2026-02-19,Campaign 5,Organic,South,8744,325,389.47,66,22,2019.33
2026-02-19,Campaign 5,Paid search,East,9504,635,885.18,91,22,2457.76
2026-02-19,Campaign 5,Social,South,6319,165,74.47,13,4,588.54
2026-02-19,Campaign 5,Email,East,5768,359,350.7,60,17,1548.76
2026-02-20,Campaign 1,Organic,East,9660,249,105.15,50,10,919.62
2026-02-20,Campaign 1,Paid search,East,5790,223,82.31,32,6,681.52
2026-02-20,Campaign 1,Social,South,9227,438,271.73,36,9,1175.01
2026-02-20,Campaign 1,Email,West,3995,163,61.03,27,7,664.9
2026-02-21,Campaign 2,Organic,East,7299,349,121.41,71,24,2983.97
2026-02-21,Campaign 2,Paid search,South,6425,268,296.47,38,11,1194.24
2026-02-21,Campaign 2,Social,,7940,474,426.89,39,11,1172.62
2026-02-21,Campaign 2,Email,South,9103,299,356.6,50,15,1757.55
2026-02-22,Campaign 3,Organic,,4402,263,136.61,53,13,1345.18
2026-02-22,Campaign 3,Paid search,West,4269,286,97.32,41,10,1591.3
2026-02-22,Campaign 3,Social,West,8077,305,133.26,25,8,670.59
2026-02-22,Campaign 3,Email,South,6322,411,347.63,69,21,3182.99
2026-02-23,Campaign 4,Organic,North,7154,476,368.27,97,26,3746.39
2026-02-23,Campaign 4,Paid search,West,10294,340,216.63,48,11,970.29
2026-02-23,Campaign 4,Social,,7817,345,433.68,28,8,864.99
2026-02-23,Campaign 4,Email,North,6239,436,452.7,73,16,2534.43
2026-02-24,Campaign 5,Organic,,6594,317,391.03,64,19,1763.18
2026-02-24,Campaign 5,Paid search,West,8313,371,267.54,53,10,988.8
2026-02-24,Campaign 5,Social,North,7612,397,369.73,33,9,1403.15
2026-02-24,Campaign 5,Email,South,7373,316,268.27,53,15,1499.53
2026-02-25,Campaign 1,Organic,West,6488,326,346.66,66,14,1411.52
2026-02-25,Campaign 1,Paid search,East,10366,352,491.74,50,10,859.24
2026-02-25,Campaign 1,Social,West,9173,628,804.13,52,18,2401.69
2026-02-25,Campaign 1,Email,South,9432,537,232.79,90,30,3930.48
2026-02-26,Campaign 2,Organic,West,5321,166,135.15,33,10,821.03
2026-02-26,Campaign 2,Paid search,East,10292,317,278.41,45,14,1193.64
2026-02-26,Campaign 2,Social,East,8932,554,450.08,46,8,1262.32
2026-02-26,Campaign 2,Email,South,7332,225,174.57,37,11,1365.15
2026-02-27,Campaign 3,Organic,West,9856,270,358.62,55,11,1014.65
2026-02-27,Campaign 3,Paid search,South,5490,371,370.47,53,14,1438.13
2026-02-27,Campaign 3,Social,South,7563,231,219.68,19,4,490.71
2026-02-27,Campaign 3,Email,North,7753,253,305.56,42,12,1825.92
2026-02-28,Campaign 4,Organic,East,4245,114,111.71,23,6,756.85
2026-02-28,Campaign 4,Paid search,South,4257,276,327.1,39,10,1313.53
2026-02-28,Campaign 4,Social,East,8438,323,261.92,27,5,423.97
2026-02-28,Campaign 4,Email,West,6236,196,269.09,32,10,1055.45
2026-03-01,Campaign 5,Organic,West,4910,204,162.09,41,11,1160.82
2026-03-01,Campaign 5,Paid search,South,4975,135,161.3,19,6,894.8
2026-03-01,Campaign 5,Social,East,10050,577,489.66,48,10,927.47
2026-03-01,Campaign 5,Email,South,6048,157,147.84,26,8,963.48
2026-03-02,Campaign 1,Organic,West,4395,165,146.91,33,9,1326.85
2026-03-02,Campaign 1,Paid search,West,9519,422,147.6,60,19,2625.81
2026-03-02,Campaign 1,Social,East,4411,221,252.13,18,4,412.35
2026-03-02,Campaign 1,Email,East,5878,408,289.89,68,20,1790.1
2026-03-03,Campaign 2,Organic,East,10440,523,444.59,106,25,2288.53
2026-03-03,Campaign 2,Paid search,South,4384,136,89.86,19,4,471.6
2026-03-03,Campaign 2,Social,West,8036,259,222.23,21,7,974.02
2026-03-03,Campaign 2,Email,,7371,346,229.87,58,15,1769.87
2026-03-04,Campaign 3,Organic,North,4809,210,200.89,42,9,1367.11
2026-03-04,Campaign 3,Paid search,North,5814,316,297.63,45,15,1894.17
2026-03-04,Campaign 3,Social,South,5202,277,92.72,23,6,883.76
2026-03-04,Campaign 3,Email,South,10216,305,229.18,51,9,945.86
2026-03-05,Campaign 4,Organic,South,9120,605,526.68,123,40,5554.68
2026-03-05,Campaign 4,Paid search,East,7737,540,703.8,77,20,2202.92
2026-03-05,Campaign 4,Social,West,6324,258,250.54,21,6,826.04
2026-03-05,Campaign 4,Email,West,5355,193,221.62,32,8,783.91
2026-03-06,Campaign 5,Organic,West,8688,487,300.27,99,26,3077.99
2026-03-06,Campaign 5,Paid search,South,7837,387,239.75,55,18,2008.13
2026-03-06,Campaign 5,Social,East,5985,341,182.57,28,6,692.34
2026-03-06,Campaign 5,Email,South,9485,352,199.48,59,16,1627.68
2026-03-07,Campaign 1,Organic,East,8481,414,169.99,84,24,2020.78
2026-03-07,Campaign 1,Paid search,East,9136,230,189.79,33,9,1388.95
2026-03-07,Campaign 1,Social,North,5427,371,377.5,31,7,921.7
2026-03-07,Campaign 1,Email,East,5639,328,416.71,55,17,1410.73
2026-03-08,Campaign 2,Organic,West,5285,350,442.55,71,24,2682.23
2026-03-08,Campaign 2,Paid search,East,4201,212,270.98,30,5,793.2
2026-03-08,Campaign 2,Social,East,5015,239,242.13,20,4,578.82
2026-03-08,Campaign 2,Email,South,8818,226,111.43,37,8,828.82
2026-03-09,Campaign 3,Organic,North,9736,636,320.07,129,41,4970.12
2026-03-09,Campaign 3,Paid search,West,5068,200,269.89,28,6,605.18
2026-03-09,Campaign 3,Social,North,6121,352,364.17,29,5,661.47
2026-03-09,Campaign 3,Email,West,7187,231,244.7,38,11,1692.33
2026-03-10,Campaign 4,Organic,East,8337,561,262.83,114,27,2637.03
2026-03-10,Campaign 4,Paid search,South,9050,472,537.16,67,16,1983.02
2026-03-10,Campaign 4,Social,West,8609,446,172.12,37,11,1342.45
2026-03-10,Campaign 4,Email,South,7850,218,104.86,36,9,1083.95
2026-03-11,Campaign 5,Organic,East,9771,438,521.03,89,26,3571.19
2026-03-11,Campaign 5,Paid search,West,7142,343,375.79,49,12,1015.43
2026-03-11,Campaign 5,Social,,6765,417,283.14,35,10,1262.65
2026-03-11,Campaign 5,Email,North,4588,319,196.44,53,17,1453.87
2026-03-12,Campaign 1,Organic,West,5362,166,231.1,33,9,1245.09
2026-03-12,Campaign 1,Paid search,South,6693,429,437.1,61,20,2201.03
2026-03-12,Campaign 1,Social,South,6465,213,259.5,17,4,489.23
2026-03-12,Campaign 1,Email,East,9148,631,760.79,106,27,3713.24
2026-03-13,Campaign 2,Organic,North,5820,236,79.16,48,10,1549.93
2026-03-13,Campaign 2,Paid search,North,8537,449,184.53,64,21,3173.59
2026-03-13,Campaign 2,Social,East,4411,228,178.49,19,5,419.47
2026-03-13,Campaign 2,Email,South,7744,456,546.0,76,23,2097.85
2026-03-14,Campaign 3,Organic,West,9028,355,448.68,72,20,2676.05
2026-03-14,Campaign 3,Paid search,South,10705,518,512.09,74,18,1836.22
2026-03-14,Campaign 3,Social,West,7019,332,353.89,27,9,1397.94
2026-03-14,Campaign 3,Email,South,6894,265,167.16,44,9,1107.31
2026-03-15,Campaign 4,Organic,South,8890,544,395.63,110,36,4499.67
2026-03-15,Campaign 4,Paid search,South,5896,235,83.82,33,6,695.9
2026-03-15,Campaign 4,Social,South,6704,350,289.57,29,5,429.11
2026-03-15,Campaign 4,Email,North,9961,398,446.38,66,22,1786.99
2026-03-16,Campaign 5,Organic,South,9221,609,552.54,124,36,4906.85
2026-03-16,Campaign 5,Paid search,East,9361,394,320.17,56,15,1631.11
2026-03-16,Campaign 5,Social,West,9542,548,413.92,46,14,1478.66
2026-03-16,Campaign 5,Email,East,7949,277,173.05,46,9,907.76
2026-03-17,Campaign 1,Organic,West,5533,195,113.7,39,10,996.58
2026-03-17,Campaign 1,Paid search,West,9689,663,322.35,95,27,3219.69
2026-03-17,Campaign 1,Social,North,9016,423,370.69,35,11,1357.08
2026-03-17,Campaign 1,Email,,9805,277,124.99,46,14,1174.34
2026-03-18,Campaign 2,Organic,North,8440,236,231.19,48,9,877.48
2026-03-18,Campaign 2,Paid search,,8680,457,414.41,65,17,2023.48
2026-03-18,Campaign 2,Social,,4317,210,250.84,17,3,474.6
2026-03-18,Campaign 2,Email,South,8728,534,301.75,89,29,2568.28
2026-03-19,Campaign 3,Organic,East,8386,304,244.69,62,14,2010.33
2026-03-19,Campaign 3,Paid search,North,5872,331,133.34,47,10,1462.45
2026-03-19,Campaign 3,Social,East,6780,338,415.69,28,5,403.78
2026-03-19,Campaign 3,Email,North,8554,341,188.49,57,19,3000.24
2026-03-20,Campaign 4,Organic,West,10289,577,743.89,117,32,3254.0
2026-03-20,Campaign 4,Paid search,South,8029,212,239.03,30,10,1051.59
2026-03-20,Campaign 4,Social,East,9027,387,404.31,32,6,557.98
2026-03-20,Campaign 4,Email,North,7875,332,282.49,55,16,2291.84
2026-03-21,Campaign 5,Organic,East,10802,296,404.28,60,15,2206.41
2026-03-21,Campaign 5,Paid search,East,6457,345,267.39,49,15,1740.66
2026-03-21,Campaign 5,Social,North,8826,483,188.49,40,7,906.42
2026-03-21,Campaign 5,Email,North,5302,302,121.0,50,14,1948.41
2026-03-22,Campaign 1,Organic,East,10616,477,378.61,97,30,2645.36
2026-03-22,Campaign 1,Paid search,West,8006,347,433.78,49,9,974.82
2026-03-22,Campaign 1,Social,South,4360,190,176.54,15,4,551.95
2026-03-22,Campaign 1,Email,North,5417,228,110.34,38,7,728.63
2026-03-23,Campaign 2,Organic,East,6146,236,224.95,48,15,1633.35
2026-03-23,Campaign 2,Paid search,East,5605,167,197.81,24,5,779.53
2026-03-23,Campaign 2,Social,South,6507,260,163.92,21,6,892.56
2026-03-23,Campaign 2,Email,West,8351,470,291.68,78,20,1884.22
2026-03-24,Campaign 3,Organic,East,8990,423,296.74,86,23,2286.06
2026-03-24,Campaign 3,Paid search,North,10591,359,484.04,51,17,1604.7
2026-03-24,Campaign 3,Social,East,7414,421,437.96,35,8,826.45
2026-03-24,Campaign 3,Email,East,5237,202,77.04,33,7,646.32
2026-03-25,Campaign 4,Organic,East,11012,512,459.78,104,25,3013.23
2026-03-25,Campaign 4,Paid search,North,9658,397,166.86,57,18,2213.14
2026-03-25,Campaign 4,Social,East,5986,328,447.23,27,5,645.07
2026-03-25,Campaign 4,Email,South,6551,398,314.56,66,13,1142.55
2026-03-26,Campaign 5,Organic,North,6969,416,345.72,84,23,2760.86
2026-03-26,Campaign 5,Paid search,West,6320,419,269.45,60,11,1611.56
2026-03-26,Campaign 5,Social,East,7405,254,165.3,21,5,590.47
2026-03-26,Campaign 5,Email,South,6353,390,515.94,65,12,1775.21
2026-03-27,Campaign 1,Organic,East,9360,451,250.32,92,25,2661.98
2026-03-27,Campaign 1,Paid search,,7080,235,229.25,33,9,1031.14
2026-03-27,Campaign 1,Social,North,5667,292,273.04,24,5,681.89
2026-03-27,Campaign 1,Email,East,9761,479,421.75,80,19,1819.55
2026-03-28,Campaign 2,Organic,East,8690,450,440.59,91,25,3174.01
2026-03-28,Campaign 2,Paid search,South,9880,560,360.92,80,18,2324.86
2026-03-28,Campaign 2,Social,South,5961,180,167.81,15,3,273.93
2026-03-28,Campaign 2,Email,South,7218,338,307.72,56,15,2302.99
2026-03-29,Campaign 3,Organic,,7689,240,166.79,48,11,1276.88
2026-03-29,Campaign 3,Paid search,East,4411,137,102.76,19,6,942.64
2026-03-29,Campaign 3,Social,South,7703,438,272.13,36,9,840.42
2026-03-29,Campaign 3,Email,East,6222,306,276.84,51,10,1165.86
2026-03-30,Campaign 4,Organic,North,5130,154,174.94,31,9,1312.76
2026-03-30,Campaign 4,Paid search,South,7376,256,160.63,36,9,1249.91
2026-03-30,Campaign 4,Social,North,11195,506,583.52,42,10,1453.38
2026-03-30,Campaign 4,Email,East,5977,367,177.11,61,17,1836.86
2026-03-31,Campaign 5,Organic,West,5320,182,174.09,37,7,593.24
2026-03-31,Campaign 5,Paid search,North,5520,381,171.13,54,12,1509.83
2026-03-31,Campaign 5,Social,South,9510,413,237.33,34,6,613.12
2026-03-31,Campaign 5,Email,West,9245,575,569.59,96,29,3888.86
2026-04-01,Campaign 1,Organic,West,6954,197,209.64,40,12,1698.13
2026-04-01,Campaign 1,Paid search,North,10406,473,522.2,68,17,2151.46
2026-04-01,Campaign 1,Social,South,7526,413,563.72,34,8,680.53
2026-04-01,Campaign 1,Email,South,10045,474,437.39,79,18,1848.37
2026-04-02,Campaign 2,Organic,East,7728,312,99.19,63,18,1509.71
2026-04-02,Campaign 2,Paid search,South,10788,346,439.55,49,12,1912.16
2026-04-02,Campaign 2,Social,North,6464,415,294.25,34,11,962.14
2026-04-02,Campaign 2,Email,South,10612,344,265.62,57,14,1462.17
2026-04-03,Campaign 3,Organic,East,5024,147,45.6,29,6,517.41
2026-04-03,Campaign 3,Paid search,North,9197,568,313.45,81,28,3185.98
2026-04-03,Campaign 3,Social,East,5011,307,353.3,25,4,437.62
2026-04-03,Campaign 3,Email,North,9595,297,288.49,49,17,1554.28
2026-04-04,Campaign 4,Organic,East,5539,226,281.59,46,9,1258.75
2026-04-04,Campaign 4,Paid search,East,5004,147,94.96,21,6,763.0
2026-04-04,Campaign 4,Social,West,5371,201,232.53,16,3,372.82
2026-04-04,Campaign 4,Email,South,9182,579,650.0,97,28,2915.69
2026-04-05,Campaign 5,Organic,North,6463,177,100.04,36,11,1720.11
2026-04-05,Campaign 5,Paid search,West,8839,249,110.85,35,11,890.62
2026-04-05,Campaign 5,Social,North,10384,525,167.14,44,10,1346.35
2026-04-05,Campaign 5,Email,West,4882,179,177.47,30,5,424.19
2026-04-06,Campaign 1,Organic,South,7906,345,208.8,70,20,1731.88
2026-04-06,Campaign 1,Paid search,East,6577,315,297.7,45,9,1301.8
2026-04-06,Campaign 1,Social,South,9729,527,191.67,44,12,1257.76
2026-04-06,Campaign 1,Email,South,5022,223,96.2,37,9,1158.36
2026-04-07,Campaign 2,Organic,West,9365,529,255.86,107,22,3437.31
2026-04-07,Campaign 2,Paid search,North,5317,319,213.26,45,10,1509.13
2026-04-07,Campaign 2,Social,East,7424,360,288.26,30,6,948.02
2026-04-07,Campaign 2,Email,North,6942,329,422.34,55,15,1641.23
2026-04-08,Campaign 3,Organic,North,9149,276,157.05,56,17,1363.49
2026-04-08,Campaign 3,Paid search,East,7736,326,178.31,46,9,1390.44
2026-04-08,Campaign 3,Social,North,6176,408,347.72,34,7,1022.56
2026-04-08,Campaign 3,Email,North,10740,355,448.97,59,18,2853.24
2026-04-09,Campaign 4,Organic,West,10512,628,327.02,128,29,2520.41
2026-04-09,Campaign 4,Paid search,East,8397,324,452.81,46,13,1522.48
2026-04-09,Campaign 4,Social,East,9881,572,186.64,48,13,1867.81
2026-04-09,Campaign 4,Email,East,8242,441,544.15,74,22,1776.89
2026-04-10,Campaign 5,Organic,North,9562,283,387.66,57,15,1485.8
2026-04-10,Campaign 5,Paid search,East,5460,205,219.54,29,5,492.59
2026-04-10,Campaign 5,Social,East,7074,487,186.19,40,7,613.52
2026-04-10,Campaign 5,Email,West,8444,376,495.81,63,21,2077.78
2026-04-11,Campaign 1,Organic,South,7233,451,202.83,92,21,2440.63
2026-04-11,Campaign 1,Paid search,North,9884,295,262.41,42,8,927.72
2026-04-11,Campaign 1,Social,South,11251,386,458.71,32,7,708.4
2026-04-11,Campaign 1,Email,South,6610,374,149.72,62,17,1652.43
2026-04-12,Campaign 2,Organic,South,6230,255,85.22,52,13,1744.27
2026-04-12,Campaign 2,Paid search,South,7330,332,143.95,47,14,1399.83
2026-04-12,Campaign 2,Social,North,4916,295,277.46,24,5,479.25
2026-04-12,Campaign 2,Email,East,6304,388,461.81,65,11,936.74
2026-04-13,Campaign 3,Organic,North,5140,324,157.07,66,20,1796.04
2026-04-13,Campaign 3,Paid search,South,8542,529,364.66,76,18,1482.45
2026-04-13,Campaign 3,Social,South,10902,407,411.89,34,8,735.12
2026-04-13,Campaign 3,Email,East,8013,518,269.05,87,22,1914.39
2026-04-14,Campaign 4,Organic,East,10759,523,606.74,106,30,4325.2
2026-04-14,Campaign 4,Paid search,East,7041,348,207.92,50,13,1989.18
2026-04-14,Campaign 4,Social,East,4685,243,214.42,20,3,434.57
2026-04-14,Campaign 4,Email,West,9925,694,615.62,116,40,3520.43
2026-04-15,Campaign 5,Organic,East,10120,588,405.89,119,36,5609.67
2026-04-15,Campaign 5,Paid search,West,10460,659,860.24,94,19,2420.63
2026-04-15,Campaign 5,Social,South,4711,266,324.62,22,7,875.62
2026-04-15,Campaign 5,Email,,10255,704,254.7,118,32,3009.43
2026-04-16,Campaign 1,Organic,South,8795,227,153.19,46,12,1278.46
2026-04-16,Campaign 1,Paid search,South,5781,353,406.59,50,16,1356.23
2026-04-16,Campaign 1,Social,East,10534,671,633.84,56,19,2087.86
2026-04-16,Campaign 1,Email,East,6911,273,276.85,45,15,2078.82
2026-04-17,Campaign 2,Organic,South,5770,395,407.67,80,23,3549.08
2026-04-17,Campaign 2,Paid search,North,10329,434,583.15,62,18,1864.1
2026-04-17,Campaign 2,Social,,11284,480,462.06,40,13,2043.79
2026-04-17,Campaign 2,Email,South,11087,759,504.19,127,27,3381.59
2026-04-18,Campaign 3,Organic,West,5095,206,163.01,42,9,1178.05
2026-04-18,Campaign 3,Paid search,North,6432,233,82.24,33,6,603.2
2026-04-18,Campaign 3,Social,West,7666,336,302.61,28,5,565.61
2026-04-18,Campaign 3,Email,South,5263,245,195.12,41,13,1717.01
2026-04-19,Campaign 4,Organic,West,10264,272,132.5,55,10,1008.9
2026-04-19,Campaign 4,Paid search,East,7234,419,450.41,60,16,2429.6
2026-04-19,Campaign 4,Social,,7633,415,275.64,34,9,1032.62
2026-04-19,Campaign 4,Email,West,11516,499,312.94,83,22,3389.01
2026-04-20,Campaign 5,Organic,,5246,223,67.84,45,12,1431.31
2026-04-20,Campaign 5,Paid search,South,5187,321,156.62,46,13,1539.54
2026-04-20,Campaign 5,Social,East,6650,190,244.03,15,4,418.67
2026-04-20,Campaign 5,Email,South,6458,347,274.25,58,14,1535.54
2026-04-21,Campaign 1,Organic,North,6460,296,116.71,60,13,1319.3
2026-04-21,Campaign 1,Paid search,East,7038,347,416.49,49,16,2034.85
2026-04-21,Campaign 1,Social,East,7575,371,233.26,31,10,1179.86
2026-04-21,Campaign 1,Email,South,7404,469,202.75,78,14,1759.77
2026-04-22,Campaign 2,Organic,South,10027,328,113.8,66,22,3471.01
2026-04-22,Campaign 2,Paid search,West,5143,286,186.39,41,8,1166.44
2026-04-22,Campaign 2,Social,West,9811,601,523.87,50,9,1120.58
2026-04-22,Campaign 2,Email,North,11178,285,215.43,47,14,1778.09
2026-04-23,Campaign 3,Organic,North,5657,291,338.82,59,18,2793.1
2026-04-23,Campaign 3,Paid search,East,10844,700,238.85,100,32,3236.19
2026-04-23,Campaign 3,Social,,6574,206,263.38,17,4,541.97
2026-04-23,Campaign 3,Email,North,6979,249,167.24,41,12,1844.0
2026-04-24,Campaign 4,Organic,South,10333,402,180.03,82,26,3865.13
2026-04-24,Campaign 4,Paid search,North,11638,523,265.02,75,24,2437.29
2026-04-24,Campaign 4,Social,North,6126,380,329.38,31,9,1266.84
2026-04-24,Campaign 4,Email,North,5747,224,110.01,37,9,817.67
2026-04-25,Campaign 5,Organic,,10946,372,259.07,75,14,1157.04
2026-04-25,Campaign 5,Paid search,North,6050,251,142.1,36,9,1005.8
2026-04-25,Campaign 5,Social,West,8147,367,176.11,30,10,1179.67
2026-04-25,Campaign 5,Email,South,11085,650,805.48,109,32,3289.78
2026-04-26,Campaign 1,Organic,East,10277,356,307.8,72,15,1470.13
2026-04-26,Campaign 1,Paid search,South,10892,746,717.1,107,31,3655.76
2026-04-26,Campaign 1,Social,West,4679,170,130.25,14,4,417.75
2026-04-26,Campaign 1,Email,East,7350,299,281.94,50,11,1290.69
2026-04-27,Campaign 2,Organic,West,4681,327,205.46,66,22,3237.31
2026-04-27,Campaign 2,Paid search,West,5413,150,153.26,21,7,918.73
2026-04-27,Campaign 2,Social,North,11552,627,743.6,52,11,1335.22
2026-04-27,Campaign 2,Email,East,10462,544,760.09,91,26,3495.97
2026-04-28,Campaign 3,Organic,South,6528,286,193.76,58,14,1159.56
2026-04-28,Campaign 3,Paid search,West,9836,549,471.07,79,22,2597.29
2026-04-28,Campaign 3,Social,South,10798,678,755.98,56,18,1700.84
2026-04-28,Campaign 3,Email,North,9922,497,270.61,83,27,4205.35
2026-04-29,Campaign 4,Organic,West,6278,403,326.49,82,20,3018.95
2026-04-29,Campaign 4,Paid search,East,5507,150,191.76,21,6,758.55
2026-04-29,Campaign 4,Social,,8302,531,658.26,44,10,1038.68
2026-04-29,Campaign 4,Email,East,5650,192,87.85,32,7,878.87
2026-04-30,Campaign 5,Organic,West,10967,363,362.26,74,14,1492.54
2026-04-30,Campaign 5,Paid search,East,4691,175,203.65,25,7,654.42
2026-04-30,Campaign 5,Social,East,10363,319,230.21,26,6,686.12
2026-04-30,Campaign 5,Email,South,4933,167,53.39,28,6,486.76
2026-05-01,Campaign 1,Organic,North,4696,272,196.36,55,12,1801.91
2026-05-01,Campaign 1,Paid search,West,8983,292,226.89,42,13,1350.13
2026-05-01,Campaign 1,Social,South,9703,300,402.87,25,8,953.71
2026-05-01,Campaign 1,Email,North,11400,491,465.79,82,17,2348.95
2026-05-02,Campaign 2,Organic,West,5918,245,281.35,49,14,1161.85
2026-05-02,Campaign 2,Paid search,North,9255,478,506.07,68,12,1063.79
2026-05-02,Campaign 2,Social,North,7739,325,205.15,27,7,825.66
2026-05-02,Campaign 2,Email,North,9538,522,450.35,87,19,2440.56
2026-05-03,Campaign 3,Organic,West,9234,348,422.7,70,21,2516.2
2026-05-03,Campaign 3,Paid search,South,11852,487,514.77,70,17,1578.11
2026-05-03,Campaign 3,Social,East,8225,292,135.51,24,4,348.48
2026-05-03,Campaign 3,Email,South,5349,256,205.42,43,13,1145.34
2026-05-04,Campaign 4,Organic,West,11907,439,305.65,89,16,2320.87
2026-05-04,Campaign 4,Paid search,North,9689,427,528.28,61,12,1777.2
2026-05-04,Campaign 4,Social,North,9590,313,222.19,26,6,690.1
2026-05-04,Campaign 4,Email,East,7224,217,256.04,36,8,932.18
2026-05-05,Campaign 5,Organic,,9503,578,772.62,117,23,3120.95
2026-05-05,Campaign 5,Paid search,South,5884,257,249.92,37,10,1441.81
2026-05-05,Campaign 5,Social,South,10467,549,456.43,46,15,2255.94
2026-05-05,Campaign 5,Email,North,8314,539,579.44,90,22,1871.47
2026-05-06,Campaign 1,Organic,West,9738,579,504.31,118,32,4006.43
2026-05-06,Campaign 1,Paid search,East,9814,518,240.1,74,18,2486.38
2026-05-06,Campaign 1,Social,East,10838,706,873.36,59,16,1294.91
2026-05-06,Campaign 1,Email,North,11157,316,271.01,53,13,1290.53
2026-05-07,Campaign 2,Organic,East,8812,370,146.82,75,23,1985.05
2026-05-07,Campaign 2,Paid search,,8426,330,245.45,47,16,2233.91
2026-05-07,Campaign 2,Social,West,4991,248,317.22,20,6,860.06
2026-05-07,Campaign 2,Email,South,8900,484,594.71,81,20,2145.37
2026-05-08,Campaign 3,Organic,East,7204,428,182.08,87,24,3295.98
2026-05-08,Campaign 3,Paid search,West,10384,363,327.59,52,12,1756.69
2026-05-08,Campaign 3,Social,East,7516,223,93.14,18,5,596.97
2026-05-08,Campaign 3,Email,South,9279,310,337.42,52,17,1894.34
2026-05-09,Campaign 4,Organic,East,5547,242,194.36,49,16,2351.96
2026-05-09,Campaign 4,Paid search,East,9138,435,531.87,62,21,1687.29
2026-05-09,Campaign 4,Social,South,8344,399,165.15,33,11,1035.94
2026-05-09,Campaign 4,Email,South,9646,504,302.88,84,19,2859.71
2026-05-10,Campaign 5,Organic,West,11953,820,1006.45,167,42,3808.13
2026-05-10,Campaign 5,Paid search,South,8846,346,341.36,49,14,1740.01
2026-05-10,Campaign 5,Social,South,6925,280,239.2,23,6,951.04
2026-05-10,Campaign 5,Email,East,9941,392,408.33,65,12,1298.15
2026-05-11,Campaign 1,Organic,,11455,561,234.0,114,37,4210.26
2026-05-11,Campaign 1,Paid search,West,7615,208,218.76,29,5,506.79
2026-05-11,Campaign 1,Social,West,5860,162,193.66,13,4,385.28
2026-05-11,Campaign 1,Email,East,5531,354,198.72,59,18,2685.37
2026-05-12,Campaign 2,Organic,East,10657,649,492.09,132,30,3994.78
2026-05-12,Campaign 2,Paid search,South,10685,596,585.64,85,29,2444.82
2026-05-12,Campaign 2,Social,West,10631,682,771.08,57,18,2752.54
2026-05-12,Campaign 2,Email,South,8873,462,638.39,77,24,3771.44
2026-05-13,Campaign 3,Organic,,5343,364,220.96,74,22,1970.06
2026-05-13,Campaign 3,Paid search,South,6769,218,74.98,31,10,804.52
2026-05-13,Campaign 3,Social,West,11763,610,512.16,51,15,1950.44
2026-05-13,Campaign 3,Email,South,9087,373,325.5,62,19,2003.15
2026-05-14,Campaign 4,Organic,South,10715,344,354.21,70,19,2133.19
2026-05-14,Campaign 4,Paid search,North,7286,278,118.48,40,13,1683.01
2026-05-14,Campaign 4,Social,North,7399,265,278.46,22,6,920.93
2026-05-14,Campaign 4,Email,West,7210,477,156.06,80,27,2993.49
2026-05-15,Campaign 5,Organic,West,8703,519,668.53,105,28,3379.57
2026-05-15,Campaign 5,Paid search,North,6255,301,297.88,43,14,1307.48
2026-05-15,Campaign 5,Social,South,6393,340,303.12,28,6,808.99
2026-05-15,Campaign 5,Email,South,10106,696,226.99,116,36,4742.1
2026-05-16,Campaign 1,Organic,North,10233,273,254.56,55,10,942.39
2026-05-16,Campaign 1,Paid search,North,6534,239,174.1,34,8,1043.34
2026-05-16,Campaign 1,Social,North,5707,144,154.22,12,3,255.18
2026-05-16,Campaign 1,Email,North,5361,357,217.65,59,11,1572.46
2026-05-17,Campaign 2,Organic,South,11844,499,224.56,101,32,2638.9
2026-05-17,Campaign 2,Paid search,West,7785,474,641.38,68,18,2822.59
2026-05-17,Campaign 2,Social,East,4906,315,280.62,26,5,416.71
2026-05-17,Campaign 2,Email,East,11998,464,601.43,77,23,3502.53
2026-05-18,Campaign 3,Organic,North,11297,354,176.82,72,15,1940.26
2026-05-18,Campaign 3,Paid search,East,10903,690,696.31,99,32,4946.87
2026-05-18,Campaign 3,Social,West,5387,297,205.78,24,5,478.97
2026-05-18,Campaign 3,Email,East,9929,353,280.89,59,13,1112.6
2026-05-19,Campaign 4,Organic,West,9531,369,499.82,75,20,2504.88
2026-05-19,Campaign 4,Paid search,West,6124,239,292.56,34,10,1369.76
2026-05-19,Campaign 4,Social,West,5863,339,283.29,28,9,1053.25
2026-05-19,Campaign 4,Email,South,5669,306,180.4,51,9,922.04
2026-05-20,Campaign 5,Organic,North,11608,330,393.99,67,12,977.89
2026-05-20,Campaign 5,Paid search,East,9264,552,562.65,79,17,1409.85
2026-05-20,Campaign 5,Social,South,5984,255,206.85,21,6,763.01
2026-05-20,Campaign 5,Email,South,8742,374,423.71,62,16,2128.23
2026-05-21,Campaign 1,Organic,South,5933,190,210.81,38,10,1252.65
2026-05-21,Campaign 1,Paid search,West,8554,351,195.65,50,10,1190.11
2026-05-21,Campaign 1,Social,North,9968,481,165.41,40,12,1332.57
2026-05-21,Campaign 1,Email,West,9815,290,271.58,48,16,2090.97
2026-05-22,Campaign 2,Organic,North,9234,387,336.04,78,19,2413.27
2026-05-22,Campaign 2,Paid search,East,7751,510,597.68,73,19,2056.4
2026-05-22,Campaign 2,Social,West,11661,294,156.6,24,7,806.34
2026-05-22,Campaign 2,Email,West,6301,260,283.99,43,12,1073.6
2026-05-23,Campaign 3,Organic,North,8573,399,226.65,81,17,31585.8
2026-05-23,Campaign 3,Paid search,South,5861,302,109.17,43,8,19361.8
2026-05-23,Campaign 3,Social,North,6861,227,287.46,19,6,15353.800000000001
2026-05-23,Campaign 3,Email,East,10463,648,812.61,108,36,70075.8
2026-05-24,Campaign 4,Organic,South,6201,386,380.42,78,22,3158.52
2026-05-24,Campaign 4,Paid search,North,8815,286,158.1,41,12,1845.46
2026-05-24,Campaign 4,Social,East,7852,234,282.94,19,4,595.07
2026-05-24,Campaign 4,Email,North,9543,314,126.39,52,17,2175.75
2026-05-25,Campaign 5,Organic,East,9977,654,571.76,133,36,2883.46
2026-05-25,Campaign 5,Paid search,East,7751,208,142.6,29,7,688.51
2026-05-25,Campaign 5,Social,West,11095,730,602.14,61,19,2395.7
2026-05-25,Campaign 5,Email,South,6690,425,130.06,71,16,2402.26
2026-05-26,Campaign 1,Organic,South,10647,269,284.21,54,14,1702.13
2026-05-26,Campaign 1,Paid search,East,7346,303,279.1,43,8,1057.01
2026-05-26,Campaign 1,Social,East,9630,670,332.72,56,13,1251.84
2026-05-26,Campaign 1,Email,East,9223,431,478.13,72,25,3155.3
2026-05-27,Campaign 2,Organic,South,11529,630,258.49,128,39,4513.38
2026-05-27,Campaign 2,Paid search,North,8849,534,254.62,76,24,3098.93
2026-05-27,Campaign 2,Social,East,12376,312,123.85,26,5,458.13
2026-05-27,Campaign 2,Email,East,6953,289,281.88,48,13,1793.47
2026-05-28,Campaign 3,Organic,East,8964,511,400.05,104,29,4514.06
2026-05-28,Campaign 3,Paid search,,6491,354,339.65,50,15,1543.21
2026-05-28,Campaign 3,Social,North,8924,316,433.93,26,5,414.42
2026-05-28,Campaign 3,Email,South,5601,209,181.73,35,8,1068.58
2026-05-29,Campaign 4,Organic,West,10658,299,203.98,60,11,1130.35
2026-05-29,Campaign 4,Paid search,North,11268,396,232.54,57,19,2211.23
2026-05-29,Campaign 4,Social,West,8098,241,304.56,20,3,310.62
2026-05-29,Campaign 4,Email,South,11249,572,648.2,96,28,4403.96
2026-05-30,Campaign 5,Organic,,12423,567,242.62,115,29,3681.44
2026-05-30,Campaign 5,Paid search,West,5473,292,220.07,42,14,1878.14
2026-05-30,Campaign 5,Social,East,7694,377,392.48,31,9,909.61
2026-05-30,Campaign 5,Email,West,11333,322,161.34,54,18,2126.24
2026-05-31,Campaign 1,Organic,South,10772,720,907.21,146,30,4169.07
2026-05-31,Campaign 1,Paid search,North,6569,224,96.74,32,7,906.41
2026-05-31,Campaign 1,Social,North,5569,378,466.0,31,8,644.24
2026-05-31,Campaign 1,Email,West,7850,307,257.84,51,16,2407.66
2026-06-01,Campaign 2,Organic,North,12653,837,735.14,170,38,3715.16
2026-06-01,Campaign 2,Paid search,South,8271,556,446.42,80,14,1508.96
2026-06-01,Campaign 2,Social,East,5907,285,267.65,23,5,403.37
2026-06-01,Campaign 2,Email,East,7508,394,533.63,66,14,1734.39
2026-06-02,Campaign 3,Organic,West,7661,254,314.9,51,12,1362.33
2026-06-02,Campaign 3,Paid search,North,7165,237,259.02,34,6,756.43
2026-06-02,Campaign 3,Social,South,11267,563,461.82,47,15,1435.28
2026-06-02,Campaign 3,Email,West,5053,222,258.38,37,7,1060.23
2026-06-03,Campaign 4,Organic,North,7339,369,198.16,75,20,2237.44
2026-06-03,Campaign 4,Paid search,West,6980,438,401.38,63,12,1674.81
2026-06-03,Campaign 4,Social,South,12290,449,419.61,37,6,538.19
2026-06-03,Campaign 4,Email,East,10080,496,571.5,83,28,2877.52
2026-06-04,Campaign 5,Organic,South,8506,242,243.12,49,13,1522.3
2026-06-04,Campaign 5,Paid search,North,12289,540,258.23,77,21,2360.02
2026-06-04,Campaign 5,Social,West,6789,266,339.54,22,5,506.99
2026-06-04,Campaign 5,Email,South,11130,748,375.7,125,38,4623.64
2026-06-05,Campaign 1,Organic,North,5188,299,158.96,60,17,2638.99
2026-06-05,Campaign 1,Paid search,,8130,238,273.23,34,11,1296.4
2026-06-05,Campaign 1,Social,East,9129,637,407.88,53,10,1294.48
2026-06-05,Campaign 1,Email,North,6953,262,88.73,44,12,1086.03
2026-06-06,Campaign 2,Organic,West,7829,518,467.96,105,34,3990.77
2026-06-06,Campaign 2,Paid search,East,6081,411,359.96,59,16,2036.26
2026-06-06,Campaign 2,Social,East,10058,391,249.71,32,7,862.21
2026-06-06,Campaign 2,Email,South,8266,264,179.06,44,7,853.06
2026-06-07,Campaign 3,Organic,North,8732,221,252.48,45,15,2336.35
2026-06-07,Campaign 3,Paid search,East,11329,587,430.99,84,26,3220.28
2026-06-07,Campaign 3,Social,East,6315,367,362.54,30,7,771.88
2026-06-07,Campaign 3,Email,West,9106,555,418.58,93,26,3523.36
2026-06-08,Campaign 4,Organic,West,11790,391,418.57,79,18,2357.13
2026-06-08,Campaign 4,Paid search,,8929,352,482.09,50,10,1575.77
2026-06-08,Campaign 4,Social,North,7268,222,187.13,18,4,322.63
2026-06-08,Campaign 4,Email,North,7741,302,200.31,50,15,2397.56
2026-06-09,Campaign 5,Organic,East,11734,795,397.31,162,30,4261.57
2026-06-09,Campaign 5,Paid search,South,12147,440,318.24,63,15,1215.14
2026-06-09,Campaign 5,Social,North,12776,461,402.57,38,13,1247.15
2026-06-09,Campaign 5,Email,North,12833,593,663.68,99,29,3044.09
2026-06-10,Campaign 1,Organic,North,9421,287,358.76,58,15,1558.58
2026-06-10,Campaign 1,Paid search,West,6785,204,192.41,29,8,847.69
2026-06-10,Campaign 1,Social,South,8200,294,208.31,24,8,1011.89
2026-06-10,Campaign 1,Email,North,5766,185,67.66,31,6,776.95
2026-06-11,Campaign 2,Organic,West,10195,576,683.18,117,36,3242.38
2026-06-11,Campaign 2,Paid search,North,8557,288,240.14,41,12,1303.84
2026-06-11,Campaign 2,Social,West,8547,327,214.53,27,8,761.46
2026-06-11,Campaign 2,Email,South,8793,563,447.2,94,26,3869.97
2026-06-12,Campaign 3,Organic,South,11609,573,728.41,116,29,4120.13
2026-06-12,Campaign 3,Paid search,East,10017,414,210.67,59,16,1690.49
2026-06-12,Campaign 3,Social,West,10523,625,263.44,52,10,1026.5
2026-06-12,Campaign 3,Email,South,9247,258,107.78,43,13,1174.97
2026-06-13,Campaign 4,Organic,West,6615,174,61.59,35,10,1110.88
2026-06-13,Campaign 4,Paid search,North,6848,392,319.43,56,10,1536.83
2026-06-13,Campaign 4,Social,North,10189,420,506.52,35,10,1512.34
2026-06-13,Campaign 4,Email,North,7208,193,79.39,32,6,625.87
2026-06-14,Campaign 5,Organic,South,6943,293,267.88,59,12,1590.6
2026-06-14,Campaign 5,Paid search,East,9562,560,711.82,80,24,3027.0
2026-06-14,Campaign 5,Social,East,6429,212,281.3,17,4,428.0
2026-06-14,Campaign 5,Email,East,12319,612,739.77,102,35,5165.59
2026-06-15,Campaign 1,Organic,West,7698,275,191.4,56,15,1650.08
2026-06-15,Campaign 1,Paid search,North,8732,595,517.28,85,15,1241.6
2026-06-15,Campaign 1,Social,North,13072,504,578.93,42,9,879.76
2026-06-15,Campaign 1,Email,South,12670,785,316.92,131,44,5319.68
2026-06-16,Campaign 2,Organic,West,8813,282,336.2,57,12,1814.04
2026-06-16,Campaign 2,Paid search,East,5852,251,123.04,36,12,1664.9
2026-06-16,Campaign 2,Social,West,11749,658,224.45,55,15,2289.19
2026-06-16,Campaign 2,Email,East,11609,489,370.75,82,25,3843.74
2026-06-17,Campaign 3,Organic,North,12110,776,773.89,158,34,4495.56
2026-06-17,Campaign 3,Paid search,West,10213,280,238.74,40,10,1055.45
2026-06-17,Campaign 3,Social,North,6901,188,102.33,15,4,445.72
2026-06-17,Campaign 3,Email,North,7456,318,287.14,53,10,866.04
2026-06-18,Campaign 4,Organic,East,7251,311,284.64,63,15,2037.44
2026-06-18,Campaign 4,Paid search,South,9068,492,278.74,70,14,1809.92
2026-06-18,Campaign 4,Social,East,7281,322,246.62,27,8,1008.65
2026-06-18,Campaign 4,Email,West,7943,313,306.06,52,14,1147.11
2026-06-19,Campaign 5,Organic,South,13145,590,621.8,120,24,2006.16
2026-06-19,Campaign 5,Paid search,South,6403,369,463.33,53,10,1391.67
2026-06-19,Campaign 5,Social,North,11771,301,200.18,25,7,622.32
2026-06-19,Campaign 5,Email,South,11123,384,408.8,64,17,2380.48
2026-06-20,Campaign 1,Organic,North,10563,443,271.3,90,30,3664.32
2026-06-20,Campaign 1,Paid search,,11543,609,443.05,87,16,2118.09
2026-06-20,Campaign 1,Social,,7349,465,583.18,39,11,1640.57
2026-06-20,Campaign 1,Email,West,10411,368,306.59,61,14,2213.81
2026-06-21,Campaign 2,Organic,North,10006,289,99.34,58,12,1888.12
2026-06-21,Campaign 2,Paid search,,12644,489,514.79,70,18,2511.92
2026-06-21,Campaign 2,Social,North,8045,310,306.4,26,9,1424.58
2026-06-21,Campaign 2,Email,West,12290,799,437.96,134,42,3459.01
2026-06-22,Campaign 3,Organic,South,7950,339,257.32,69,14,1937.48
2026-06-22,Campaign 3,Paid search,South,9828,434,228.91,62,14,1798.01
2026-06-22,Campaign 3,Social,South,6298,310,239.65,26,8,1192.06
2026-06-22,Campaign 3,Email,North,12560,749,683.89,125,36,4506.75
2026-06-23,Campaign 4,Organic,West,12906,391,495.84,79,18,2706.68
2026-06-23,Campaign 4,Paid search,West,8553,372,173.78,53,13,2011.12
2026-06-23,Campaign 4,Social,South,6712,207,197.89,17,3,476.63
2026-06-23,Campaign 4,Email,East,7062,184,199.31,30,5,711.93
2026-06-24,Campaign 5,Organic,North,8242,522,391.21,106,27,2457.03
2026-06-24,Campaign 5,Paid search,South,13095,872,988.46,125,42,4107.78
2026-06-24,Campaign 5,Social,West,5731,382,478.82,32,11,1643.07
2026-06-24,Campaign 5,Email,West,12432,549,402.73,92,28,3601.76
2026-06-25,Campaign 1,Organic,North,12877,653,569.88,133,36,4727.21
2026-06-25,Campaign 1,Paid search,East,8892,553,764.36,79,14,2235.34
2026-06-25,Campaign 1,Social,East,5522,234,172.66,19,5,785.04
2026-06-25,Campaign 1,Email,North,7690,478,506.18,80,20,2275.94
2026-06-26,Campaign 2,Organic,South,12611,578,668.52,117,33,2878.76
2026-06-26,Campaign 2,Paid search,South,12890,726,580.11,104,21,2374.78
2026-06-26,Campaign 2,Social,South,12553,819,892.88,68,22,1918.72
2026-06-26,Campaign 2,Email,East,6222,187,205.62,31,7,763.25
2026-06-27,Campaign 3,Organic,,13221,694,338.65,141,29,3596.8
2026-06-27,Campaign 3,Paid search,North,7970,511,389.15,73,23,2138.31
2026-06-27,Campaign 3,Social,South,7760,462,626.69,38,9,1171.05
2026-06-27,Campaign 3,Email,North,5249,312,302.26,52,9,1078.29
2026-06-28,Campaign 4,Organic,North,9286,322,183.28,65,18,2093.38
2026-06-28,Campaign 4,Paid search,,9729,514,238.02,74,20,2920.4
2026-06-28,Campaign 4,Social,West,10600,282,187.31,23,7,933.52
2026-06-28,Campaign 4,Email,South,5951,177,241.24,29,10,929.07
2026-06-29,Campaign 5,Organic,East,11410,470,565.08,95,17,2405.18
2026-06-29,Campaign 5,Paid search,West,11485,722,478.06,103,19,2235.64
2026-06-29,Campaign 5,Social,North,8647,297,247.11,24,5,423.27
2026-06-29,Campaign 5,Email,West,10911,731,428.09,122,42,4324.95
2026-01-01,Campaign 1,Organic,North,7016,183,173.77,37,8,782.85
2026-01-01,Campaign 1,Paid search,East,3674,107,58.05,15,3,384.48
2026-01-01,Campaign 1,Social,West,6740,414,250.74,34,6,866.79
2026-01-01,Campaign 1,Email,West,4684,278,268.02,46,9,993.55
2026-01-02,Campaign 2,Organic,West,7961,460,557.68,93,25,3946.23
2026-01-02,Campaign 2,Paid search,,6921,441,242.85,63,17,2318.22
2026-01-02,Campaign 2,Social,West,5105,145,69.44,12,2,176.16
2026-01-02,Campaign 2,Email,South,5469,301,267.15,50,14,1885.57
